,count,mean,std,min,25%,50%,75%,max
Sensor1,836.0,3020.7625598086124,80.1107127280666,2770.4,2970.75,3014.29,3061.625,3356.35
Sensor2,834.0,2495.8299160671463,71.60777114076411,2233.29,2452.1825,2499.7349999999997,2537.6749999999997,2846.44
Sensor3,824.0,2200.2090169902913,30.926324897949232,2060.66,2184.2125,2202.19,2216.5,2315.27
Sensor4,824.0,1474.8914126213594,530.078857504472,0.0,1110.21,1298.43,1751.835,3715.04
Sensor5,824.0,6.7928161407767,77.29623959841605,0.7531,1.09365,1.3171,1.5726,1114.54
Sensor6,824.0,100.0,0.0,100.0,100.0,100.0,100.0,100.0
Sensor7,824.0,99.90149453883495,7.712130454057128,82.1311,95.836675,100.18,104.337,129.252
Sensor8,829.0,0.1213981905910736,0.012149123111330266,0.0,0.1212,0.1227,0.124,0.1286
Sensor9,835.0,1.4488934131736526,0.07905866772323708,1.2005,1.3949500000000001,1.4418,1.5025499999999998,1.6564
Sensor10,835.0,0.0002021556886227545,0.014746491519476941,-0.0368,-0.0096,-0.0002,0.0089,0.0749
Sensor11,835.0,-0.00038826347305389225,0.008927322124477853,-0.0349,-0.006,-0.0001,0.0056,0.0364
Sensor12,835.0,0.9673190419161676,0.008254789121805784,0.9278,0.9627,0.9681,0.9737,0.9848
Sensor13,835.0,199.81808263473056,2.719658428109195,182.094,197.942,199.32,202.341,206.372
Sensor14,834.0,0.0,0.0,0.0,0.0,0.0,0.0,0.0
Sensor15,834.0,8.977859832134294,2.657225522624018,2.9146,7.0704,8.9209,10.740925,18.0388
Sensor16,834.0,412.38162949640287,9.474011321463838,333.449,406.05175,411.9895,419.07675,504.931
Sensor17,834.0,9.78927865707434,0.42272333060503087,4.4696,9.5651,9.8061,10.00355,11.2656
Sensor18,834.0,0.9738052757793765,0.005501873170770095,0.9482,0.9706250000000001,0.97415,0.9781,0.9843
Sensor19,834.0,190.02514148681055,2.746515534964072,172.165,188.20925,189.5245,192.514,196.322
Sensor20,837.0,12.47697072879331,0.27926311527171377,9.8773,12.4561,12.5169,12.5596,12.9898
Sensor21,837.0,1.407495937873357,0.01637041422653345,1.2449,1.3982,1.4082,1.4184,1.4534
Sensor22,836.0,-5521.231160287081,381.63665670823934,-6623.75,-5629.5,-5464.125,-5321.4375,-1263.5
Sensor23,836.0,2630.7909688995214,177.08506374501232,820.0,2550.0625,2619.625,2700.0625,3656.25
Sensor24,836.0,-3811.9885251196174,1313.6153415245406,-9986.75,-4297.875,-3779.75,-3393.25,1975.25
Sensor25,836.0,-635.7017850478469,3146.5791805833596,-14228.7,-1839.69,-404.0,281.5625,14106.0
Sensor26,836.0,1.2710525119617226,0.09888033525564786,0.2122,1.273775,1.2922500000000001,1.3115,1.3828
Sensor27,836.0,1.9690187799043062,0.13213070563439716,0.4138,1.974225,1.9906,2.0038,2.0513
Sensor28,836.0,7.093175358851674,0.690894273212158,0.2498,7.22415,7.2839,7.338575,7.563
Sensor29,836.0,71.38660466507177,2.9860198529029085,61.2111,68.95002500000001,71.81665,73.658375,77.9
Sensor30,836.0,2.257627990430622,0.3886887719848549,0.7667,2.0,2.2444,2.5333,3.3333
Sensor31,836.0,0.17598074162679425,0.0326313005009525,0.0341,0.1539,0.17635,0.2004,0.2608
Sensor32,836.0,3.485511961722488,0.3710168725126678,2.0698,3.33925,3.4083,3.4701,4.8044
Sensor33,837.0,85.13788207885305,1.7844321217325116,83.1829,84.1896,84.8949,85.7132,105.604
Sensor34,837.0,8.826668100358424,0.8775778474433484,7.6032,8.5003,8.7556,8.9818,23.1583
Sensor35,837.0,50.58463990442054,0.8860895052422579,49.8696,50.2934,50.4944,50.6402,58.8024
Sensor36,837.0,64.60870931899642,2.843722794678703,63.6973,64.0518,64.2404,64.4228,94.2641
Sensor37,837.0,49.415370967741936,0.8860898516633136,41.1976,49.3598,49.5056,49.7066,50.1304
Sensor38,837.0,66.20347837514934,0.24137653168061,65.5737,66.0272,66.2249,66.3049,67.9586
Sensor39,837.0,86.72862927120669,0.3320719320113214,85.9594,86.4386,86.7608,86.9421,87.7644
Sensor40,837.0,118.59940382317802,1.280415651668628,115.774,118.009,118.362,119.16,127.394
Sensor41,823.0,71.21995504252735,23.23421576622932,2.126,78.29,79.94,80.95,86.12
Sensor42,823.0,3.1203691373025517,0.7967978687960128,-0.0759,2.704,3.009,3.287,6.215
Sensor43,837.0,70.0,0.0,70.0,70.0,70.0,70.0,70.0
Sensor44,837.0,354.8488972520908,6.784393450194195,343.046,350.298,352.447,360.896,376.469
Sensor45,837.0,10.070585902031063,0.14510712811147747,9.5859,9.9734,10.0675,10.1813,11.053
Sensor46,837.0,137.39027479091996,7.053185181823077,110.395,132.204,138.004,142.673,154.774
Sensor47,837.0,734.134237753883,11.073802902225095,708.844,725.616,734.011,741.212,764.972
Sensor48,837.0,1.190600238948626,0.18333445141734234,0.4967,0.9947,1.2653,1.3379,1.5111
Sensor49,837.0,140.08058422939067,4.342150912786894,126.784,137.114,140.098,143.057,163.251
Sensor50,837.0,1.0,0.0,1.0,1.0,1.0,1.0,1.0
Sensor51,837.0,632.3197598566308,8.409415386317326,613.533,626.045,630.949,637.098,658.53
Sensor52,837.0,160.8757835125448,59.631315249595914,40.7874,115.62,184.93,210.004,252.169
Sensor53,837.0,0.0,0.0,0.0,0.0,0.0,0.0,0.0
Sensor54,836.0,4.585716507177033,0.06644267992195024,3.706,4.569,4.594,4.607,4.681
Sensor55,836.0,4.831928229665072,0.06887852444902791,3.932,4.81,4.838,4.867,4.94
Sensor56,836.0,2854.6662679425835,21.81160183384203,2803.0,2838.0,2854.0,2872.0,2918.0
Sensor57,836.0,0.9279113636363636,0.007906647097089237,0.8755,0.923,0.931,0.9325,0.9376
Sensor58,836.0,0.9490046650717703,0.004221832591021453,0.9319,0.9466,0.9493,0.9518,0.9588
Sensor59,836.0,4.586804066985646,0.09016108927562912,4.2199,4.5283,4.5601,4.6622,4.8475
Sensor60,832.0,-0.2564409855769231,3.5361010831110034,-10.68,-2.635725,-0.3427,1.9143249999999998,26.9709
Sensor61,832.0,354.84588461538465,6.2612881825613105,331.227,350.52,352.585,359.5195,373.813
Sensor62,832.0,10.431087259615385,0.23392141445523187,9.4611,10.305525,10.440650000000002,10.587725,11.5887
Sensor63,832.0,117.15033281249998,5.75235041864924,95.8909,113.051,116.7425,120.88275,135.829
Sensor64,832.0,12.881751442307692,4.092904720106242,1.6591,9.9348,12.909949999999998,15.460225000000001,37.2708
Sensor65,832.0,20.350453124999998,3.3475433772924053,6.4482,18.118850000000002,20.375,22.641399999999997,35.25
Sensor66,832.0,26.787009735576923,6.443525802689797,4.308,23.5765,26.4947,29.6507,118.084
Sensor67,832.0,707.4281694711538,10.709795460248833,632.423,699.8757499999999,707.0730000000001,714.9285,736.67
Sensor68,832.0,2.0661301682692303,31.512629468700574,0.4137,0.8777,0.9332,1.041425,909.919
Sensor69,832.0,148.0429471153846,3.4496619513261417,135.554,145.90949999999998,148.1005,150.127,167.831
Sensor70,832.0,1.0,0.0,1.0,1.0,1.0,1.0,1.0
Sensor71,832.0,620.044203125,8.291185929717503,597.583,614.335,619.524,625.47775,643.414
Sensor72,832.0,113.99242704326922,32.44692314260914,41.8038,96.8928,108.131,122.601,238.477
Sensor73,307.0,154.1238664495114,8.299485085910831,124.228,148.9715,154.096,159.27550000000002,173.752
Sensor74,307.0,465.8905602605863,3.15504080105537,456.608,464.48,465.854,467.36,498.509
Sensor75,832.0,0.005042668269230769,0.14545279207893433,0.0,0.0,0.0,0.0,4.1955
Sensor76,813.0,-0.00400430504305043,0.019452973955914665,-0.0576,-0.0161,-0.0045,0.0071,0.2315
Sensor77,813.0,-0.021427675276752767,0.02724892928041224,-0.1258,-0.0385,-0.0191,-0.002,0.0429
Sensor78,813.0,-0.009110086100861009,0.03477945180136419,-0.077,-0.0343,-0.0193,0.0064,0.0962
Sensor79,813.0,0.01728142681426814,0.036253687931051756,-0.0741,-0.0028,0.0107,0.0381,0.1367
Sensor80,813.0,-0.006522140221402214,0.01466551119349478,-0.0568,-0.0162,-0.0053,0.0028,0.0409
Sensor81,813.0,-0.003112915129151291,0.0218714604283729,-0.0836,-0.0168,-0.0038,0.0098,0.0796
Sensor82,813.0,-0.020693849938499386,0.019249723600142606,-0.0982,-0.027,-0.0189,-0.0103,0.0584
Sensor83,813.0,0.01007761377613776,0.039516172603816124,-0.2129,-0.0096,0.0124,0.0272,0.1437
Sensor84,836.0,7.546091148325359,0.4917927505590056,5.8257,7.22555,7.56015,7.868525,8.9904
Sensor85,835.0,0.1331833532934132,0.005288136422547679,0.1174,0.12985,0.133,0.1362,0.1464
Sensor86,226.0,0.11278318584070797,0.0029283261097954464,0.1053,0.110725,0.11355000000000001,0.1149,0.1184
Sensor87,837.0,2.404679569892473,0.03764568988979882,2.2425,2.3778,2.4073,2.4296,2.5555
Sensor88,837.0,0.9834516129032258,0.010420793204352135,0.8941,0.9822,0.9878,0.9899,0.9935
Sensor89,837.0,1806.7468578255675,53.42722926184909,1627.47,1777.68,1808.01,1838.78,1955.88
Sensor90,786.0,0.18922277353689565,0.02913410596512043,0.1113,0.171925,0.1912,0.2021,0.605
Sensor91,786.0,8846.747213740458,407.702420699931,7406.64,8564.872500000001,8836.875,9085.0175,10653.5
Sensor92,832.0,0.003580649038461538,0.08932869870368249,-0.357,-0.042675,0.0,0.0494,0.3575
Sensor93,835.0,8.694610778443115e-05,0.0026948854018726733,-0.0105,-0.0014,0.0001,0.0015,0.0281
Sensor94,835.0,-0.0006910179640718562,0.003221205710396915,-0.0149,-0.0015,-0.0002,0.001,0.0133
Sensor95,832.0,-2.3798076923076922e-05,0.00016538180337265256,-0.002,-0.0001,0.0,0.0001,0.0008
Sensor96,832.0,4.795673076923077e-05,9.149465170370507e-05,-0.0005,0.0,0.0,0.0001,0.0009
Sensor97,832.0,0.016092908653846154,0.20363918933300496,-0.7811,-0.08615,0.0,0.1053,2.5093
Sensor98,832.0,0.0,0.0,0.0,0.0,0.0,0.0,0.0
Sensor99,832.0,-0.03534759615384615,0.40277442061924096,-5.2717,-0.208575,-0.01005,0.17295,1.4777
Sensor100,832.0,0.0015036057692307697,0.06571910587855075,-0.3692,-0.0279,0.0,0.0279,0.8854
Sensor101,832.0,2.16346153846154e-06,0.00035460882631179944,-0.003,-0.0002,0.0,0.0002,0.0023
Sensor102,832.0,-1.5625e-05,0.00021883862309996562,-0.0024,-0.0001,0.0,0.0001,0.0017
Sensor103,832.0,-0.0019073317307692311,0.052464023146924804,-0.1672,-0.034225,-0.00165,0.027925,0.2979
Sensor104,835.0,-0.011054011976047905,0.002377778334498378,-0.0329,-0.0126,-0.0112,-0.009649999999999999,0.0062
Sensor105,835.0,-1.5089820359281432e-05,0.000890025912553199,-0.0119,-0.0004,0.0,0.0004,0.005
Sensor106,832.0,-7.079326923076921e-05,0.002655507701166283,-0.0281,-0.0014,0.0,0.0013,0.0107
Sensor107,832.0,0.0006844951923076924,0.0031942845295642027,-0.0133,-0.000925,0.0,0.0014,0.0148
Sensor108,832.0,-0.00027031250000000026,0.0759338615624908,-0.4018,-0.043125,0.0,0.043175,0.3211
Sensor109,832.0,-0.006029326923076923,0.0787136665704348,-0.3454,-0.052450000000000004,-0.00335,0.04025,0.3222
Sensor110,549.0,0.9799925318761387,0.008694888944683947,0.7848,0.9788,0.981,0.9823,0.9842
Sensor111,549.0,101.3182442622951,1.8800662726197672,88.1938,100.389,101.482,102.078,106.923
Sensor112,549.0,231.81888342440797,2.1053388212064017,213.008,230.374,231.201,233.036,236.955
Sensor113,280.0,0.44535964285714286,0.08345933128396497,0.0,0.458275,0.4617,0.4644,0.4834
Sensor114,837.0,0.9471753882915174,0.012164434245984753,0.8534,0.9404,0.9483,0.9543,0.9751
Sensor115,837.0,7.455197132616488e-05,0.0012138691928915786,0.0,0.0,0.0,0.0,0.0316
Sensor116,837.0,749.1697491039428,49.458444494929566,584.176,721.935,751.216,778.215,924.532
Sensor117,837.0,0.9871843488649941,0.00883816789197626,0.914,0.9892,0.99,0.9909,0.9924
Sensor118,837.0,58.78792353643966,8.821835605747825,52.8068,58.0124,58.5351,59.1527,311.734
Sensor119,813.0,0.597880811808118,0.008795907065991258,0.5274,0.5929,0.5983,0.6032,0.6245
Sensor120,837.0,0.9708753882915173,0.007741226937390386,0.953,0.964,0.9682,0.9796,0.9827
Sensor121,837.0,6.30616439665472,0.12959696541124796,5.1259,6.2417,6.3114,6.3768,7.4275
Sensor122,834.0,15.77226618705036,0.1041089609883463,15.5,15.72,15.76,15.84,16.07
Sensor123,834.0,4.036436450839329,1.0618529576357214,1.671,3.1847499999999997,4.029,4.666,6.889
Sensor124,834.0,15.804112709832136,0.10691232007586654,15.49,15.75,15.8,15.86,16.1
Sensor125,834.0,15.749628297362111,0.11132178017852373,15.43,15.7,15.73,15.79,16.09
Sensor126,834.0,1.255328417266187,0.3206791877942919,0.7048,1.012,1.182,1.418,2.465
Sensor127,834.0,2.7674352517985614,0.2664029500907289,2.34,2.55975,2.7735,2.917,3.991
Sensor128,834.0,0.6736134292565947,0.15829416372190783,0.3161,0.5426,0.6676,0.7753,1.175
Sensor129,834.0,3.1984040767386093,0.3200253156743008,0.0,3.069,3.218,3.325,3.895
Sensor130,834.0,-1.037777458033573,1.417873661117594,-3.779,-2.364,-0.7569,0.0,2.458
Sensor131,834.0,0.7387470023980816,0.09638196170458456,0.4199,0.6736,0.7573,0.8218,0.8826
Sensor132,834.0,0.9978473621103118,0.0017763415188661884,0.9937,0.9965,0.9977,0.998975,1.003
Sensor133,834.0,2.305649880095923,0.062177338303798686,2.1911,2.2646,2.2858,2.3481,2.4723
Sensor134,834.0,1003.3489868105515,7.428710870932283,984.038,998.29,1002.51,1008.86,1020.99
Sensor135,834.0,39.55635911270983,3.247692982427701,33.3658,37.3925,39.38705,40.8991,64.1287
Sensor136,837.0,117.16606929510155,55.109003731751464,58.0,96.0,109.0,125.0,994.0
Sensor137,836.0,138.04665071770336,52.37995823496825,42.6,90.375,138.85,178.425,295.8
Sensor138,834.0,121.6636690647482,53.41743277111637,22.5,79.525,112.5,161.7,334.7
Sensor139,824.0,56.00605958737864,12.451530426015632,19.8,50.3999,55.5,62.1001,141.8
Sensor140,824.0,491.00155582524275,299.5635095165067,0.0,301.76,406.25649999999996,584.393,1770.69
Sensor141,824.0,48.87965764563106,695.3278408247573,0.0452,0.1271,0.244,0.44694999999999996,9998.89
Sensor142,824.0,0.0,0.0,0.0,0.0,0.0,0.0,0.0
Sensor143,824.0,6.8884101941747575,4.538287559207098,1.74,5.1075,6.34,7.75,103.39
Sensor144,829.0,0.004090952955367913,0.0014241881097448886,0.0,0.0032,0.0037,0.0048,0.0121
Sensor145,835.0,0.13254526946107784,0.0695625323708774,0.0389,0.09154999999999999,0.1153,0.1485,0.6253
Sensor146,835.0,0.06230562874251497,0.018446048869033962,0.0223,0.05035,0.0602,0.07135,0.1673
Sensor147,835.0,0.052985269461077844,0.017509365387592565,0.0227,0.0423,0.0497,0.060899999999999996,0.2091
Sensor148,835.0,0.014734610778443114,0.006275880683658604,0.0043,0.0097,0.0143,0.0187,0.0601
Sensor149,835.0,8.204834251497005,2.4514192316160814,2.7163,6.565250000000001,8.1267,9.81415,15.4013
Sensor150,834.0,0.0,0.0,0.0,0.0,0.0,0.0,0.0
Sensor151,834.0,6.794772182254197,3.1179056027719425,1.609,4.565250000000001,5.948,8.1775,19.822
Sensor152,834.0,14.224429256594725,32.49757783106836,3.166,7.861,10.748000000000001,13.91725,515.283
Sensor153,834.0,0.5026676258992805,0.30630105467255014,0.1544,0.361825,0.43925000000000003,0.5474749999999999,5.8658
Sensor154,834.0,0.010423860911270984,0.004471048010205513,0.0036,0.0066,0.0101,0.013,0.058
Sensor155,834.0,7.830669304556356,2.4018272252185326,2.6244,6.1675,7.74,9.311625,14.9427
Sensor156,837.0,0.5230298685782557,1.3567664893131275,0.14,0.22,0.27,0.35,12.61
Sensor157,837.0,0.056243010752688165,0.05215820238554997,0.0111,0.035,0.0484,0.0682,1.2325
Sensor158,66.0,0.03978181818181819,0.026103727462042415,0.0118,0.025375,0.030850000000000002,0.044950000000000004,0.1694
Sensor159,66.0,1007.5469545454546,408.1631116090886,234.1,698.55,975.75,1232.6000000000001,2159.5
Sensor160,836.0,792.4174641148326,555.4981874798889,31.0,437.75,670.5,975.75,5054.0
Sensor161,836.0,435.4138755980861,380.9526520614162,28.0,251.0,370.0,532.0,4099.0
Sensor162,836.0,3956.4222488038276,4274.539385760128,68.0,1270.75,2459.5,4881.25,37943.0
Sensor163,836.0,6263.196172248804,7157.210470870939,0.0,1124.0,2968.5,9814.0,36871.0
Sensor164,836.0,0.13133014354066985,0.058919481039528813,0.006,0.091,0.125,0.163,0.849
Sensor165,836.0,0.10045693779904306,0.07037951397770124,0.006,0.06575,0.094,0.126,1.655
Sensor166,836.0,0.21286961722488038,0.10051765887862756,0.013,0.14075,0.1995,0.27125,0.999
Sensor167,836.0,2.886602870813397,1.16916980226598,0.8,2.1,2.7,3.4,18.9
Sensor168,836.0,1.3582535885167464,0.7220173420373475,0.3,1.0,1.3,1.6,16.3
Sensor169,836.0,0.13254306220095696,0.04750646284127603,0.033,0.10275,0.128,0.157,0.725
Sensor170,836.0,0.4831076555023924,0.1801723470013027,0.054,0.371,0.488,0.59525,1.143
Sensor171,837.0,0.6463309438470729,0.14734349067631813,0.2979,0.5343,0.647,0.752,1.153
Sensor172,837.0,0.12811959378733573,0.06775341477527456,0.0089,0.0831,0.1183,0.1471,0.494
Sensor173,837.0,0.3130459976105137,0.07218841690187587,0.1523,0.2656,0.3168,0.3622,0.5096
Sensor174,837.0,0.5841356033452808,0.10167989149166294,0.2538,0.5246,0.5877,0.6506,0.8643
Sensor175,837.0,0.31304241338112304,0.07219385986566029,0.1522,0.2656,0.3168,0.3622,0.5096
Sensor176,837.0,0.7882988052568698,0.12173497057448956,0.5005,0.6941,0.7753,0.8577,1.1437
Sensor177,837.0,0.23997956989247315,0.06965380884701228,0.0735,0.1947,0.236,0.2919,0.4348
Sensor178,837.0,0.36002389486260455,0.23801546812070054,0.047,0.232,0.309,0.412,1.858
Sensor179,823.0,0.0,0.0,0.0,0.0,0.0,0.0,0.0
Sensor180,837.0,0.0,0.0,0.0,0.0,0.0,0.0,0.0
Sensor181,837.0,19.75804062126643,3.24043531591443,9.4,17.49,19.45,21.88,33.78
Sensor182,837.0,0.550146953405018,0.22455459615954648,0.093,0.393,0.524,0.689,3.573
Sensor183,837.0,10.980143369175629,4.729464901755023,3.17,7.27,11.51,14.13,55.0
Sensor184,837.0,25.197858781362005,5.864989848493191,13.393,20.79,25.301,29.783,72.947
Sensor185,837.0,0.15092855436081243,0.1263000791175864,0.0297,0.1015,0.136,0.1791,3.2283
Sensor186,837.0,7.327323775388292,9.444696811077531,2.04,5.39,6.64,8.12,267.91
Sensor187,837.0,0.0,0.0,0.0,0.0,0.0,0.0,0.0
Sensor188,837.0,17.63636798088411,10.788857032835054,6.91,14.5,17.29,19.95,307.93
Sensor189,837.0,43.729013142174445,21.0767032416578,8.502,25.345,40.97,58.091,106.831
Sensor190,837.0,0.0,0.0,0.0,0.0,0.0,0.0,0.0
Sensor191,836.0,0.0,0.0,0.0,0.0,0.0,0.0,0.0
Sensor192,836.0,0.0,0.0,0.0,0.0,0.0,0.0,0.0
Sensor193,836.0,0.0,0.0,0.0,0.0,0.0,0.0,0.0
Sensor194,836.0,0.0,0.0,0.0,0.0,0.0,0.0,0.0
Sensor195,836.0,0.0,0.0,0.0,0.0,0.0,0.0,0.0
Sensor196,836.0,0.26504545454545453,0.25567185713373364,0.08,0.18075,0.2575,0.302,4.619
Sensor197,832.0,8.89140625,9.596545410736194,1.75,5.3975,7.73,10.495000000000001,247.41
Sensor198,832.0,20.157968750000002,5.375058801591158,9.22,17.6025,19.7,21.92,108.43
Sensor199,832.0,0.5603245192307692,0.44659924825697095,0.09,0.29574999999999996,0.4515,0.72725,8.206
Sensor200,832.0,11.695709134615385,11.494405890035132,2.77,6.467499999999999,8.13,13.4175,250.0
Sensor201,832.0,17.314951923076926,7.678209465713379,3.21,14.0275,16.875,19.9025,183.66
Sensor202,832.0,8.5728125,6.019595060436921,0.0,5.3325,7.7,10.3925,126.53
Sensor203,832.0,11.438476322115385,18.006185240958875,0.0,7.04725,9.9165,13.256250000000001,490.561
Sensor204,832.0,29.44078798076923,17.7696506406454,13.471,24.60575,29.3505,32.80375,500.349
Sensor205,832.0,12.176112860576925,346.62839233137163,0.0429,0.10295,0.13865,0.189625,9998.45
Sensor206,832.0,7.863257211538461,6.197617945509702,2.3,5.72,7.145,9.0825,111.43
Sensor207,832.0,0.002403846153846154,0.06933752452815363,0.0,0.0,0.0,0.0,2.0
Sensor208,832.0,19.71858173076923,11.092074984809782,7.45,16.1775,19.384999999999998,22.16,298.65
Sensor209,832.0,68.4244122596154,28.0894176689632,8.224,51.049,68.0215,84.52324999999999,165.497
Sensor210,832.0,0.05546875,1.5999633784871443,0.0,0.0,0.0,0.0,46.15
Sensor211,813.0,0.08284747847478476,0.037738200898528876,0.0369,0.0665,0.0768,0.0907,0.5164
Sensor212,813.0,0.0555159901599016,0.021868833462368977,0.0022,0.0432,0.0535,0.0642,0.3227
Sensor213,813.0,0.04851992619926199,0.025960000426849657,0.0071,0.0319,0.0403,0.0573,0.2234
Sensor214,813.0,0.05005781057810579,0.027634843227801364,0.0046,0.0287,0.0483,0.065,0.3275
Sensor215,813.0,0.07911426814268141,0.03668490203815052,0.0253,0.057,0.0745,0.0945,0.4129
Sensor216,813.0,0.08212078720787208,0.03190447909889235,0.0059,0.0635,0.0842,0.1001,0.3429
Sensor217,813.0,0.08353271832718327,0.027381030831124604,0.0097,0.0684,0.0859,0.0985,0.2828
Sensor218,813.0,0.0712509225092251,0.04519461027371791,0.0093,0.0456,0.0614,0.083,0.5334
Sensor219,836.0,3.6845830143540663,1.1531380512618723,1.2324,2.863475,3.51485,4.332475,7.9262
Sensor220,835.0,0.0032725748502994015,0.0016568374297653017,0.0007,0.0022,0.0031,0.0038,0.0163
Sensor221,226.0,0.009212831858407078,0.0019890062148504874,0.0057,0.0078,0.00895,0.0103,0.024
Sensor222,837.0,0.059486021505376345,0.023362683062318642,0.02,0.0383,0.0594,0.0744,0.2305
Sensor223,837.0,0.005989366786140979,0.04018589363304739,0.0003,0.0014,0.0021,0.0046,0.952
Sensor224,837.0,126.09549617682197,37.91693551620007,41.2655,98.5042,122.733,147.984,282.161
Sensor225,786.0,0.060692620865139955,0.058333551731237096,0.0093,0.029525,0.0413,0.0649,0.5035
Sensor226,786.0,1016.4452684478371,432.81035943775646,168.8,695.27525,938.9,1233.725,3601.3
Sensor227,832.0,0.0,0.0,0.0,0.0,0.0,0.0,0.0
Sensor228,835.0,0.017728263473053892,0.008957592132542802,0.0064,0.0127,0.0157,0.0199,0.1012
Sensor229,835.0,0.016713293413173652,0.010251271339715486,0.0072,0.01245,0.0147,0.0184,0.2133
Sensor230,832.0,0.0,0.0,0.0,0.0,0.0,0.0,0.0
Sensor231,832.0,0.0,0.0,0.0,0.0,0.0,0.0,0.0
Sensor232,832.0,0.0,0.0,0.0,0.0,0.0,0.0,0.0
Sensor233,832.0,0.0,0.0,0.0,0.0,0.0,0.0,0.0
Sensor234,832.0,0.0,0.0,0.0,0.0,0.0,0.0,0.0
Sensor235,832.0,0.0,0.0,0.0,0.0,0.0,0.0,0.0
Sensor236,832.0,0.0,0.0,0.0,0.0,0.0,0.0,0.0
Sensor237,832.0,0.0,0.0,0.0,0.0,0.0,0.0,0.0
Sensor238,832.0,0.0,0.0,0.0,0.0,0.0,0.0,0.0
Sensor239,835.0,0.00469808383233533,0.0017467465248914358,0.0013,0.0036,0.0045,0.0055,0.0244
Sensor240,835.0,0.004697604790419162,0.0014620766453929163,0.0017,0.0036,0.0046,0.0056,0.0132
Sensor241,832.0,0.0,0.0,0.0,0.0,0.0,0.0,0.0
Sensor242,832.0,0.0,0.0,0.0,0.0,0.0,0.0,0.0
Sensor243,832.0,0.0,0.0,0.0,0.0,0.0,0.0,0.0
Sensor244,832.0,0.0,0.0,0.0,0.0,0.0,0.0,0.0
Sensor245,549.0,0.005755009107468123,0.08461762122921439,0.0003,0.0012,0.0017,0.0026,1.9844
Sensor246,549.0,1.7297233151183968,4.335614249231767,0.2914,0.9115,1.1851,1.7618,99.9022
Sensor247,549.0,4.148742440801457,10.045096515386634,1.1022,2.7259,3.673,4.4797,237.184
Sensor248,280.0,0.03209892857142857,0.04375151281270052,0.0,0.0174,0.0212,0.031625,0.4793
Sensor249,837.0,0.023901194743130228,0.05631364595778646,0.003,0.0133,0.0198,0.0258,0.9539
Sensor250,837.0,0.0007009557945041816,0.012005564859768595,0.0,0.0,0.0,0.0,0.3161
Sensor251,837.0,109.7354669056153,62.928214228414596,21.0107,75.2444,102.314,130.843,1119.7
Sensor252,837.0,0.0036215053763440867,0.024657995415737245,0.0003,0.0007,0.001,0.0014,0.5905
Sensor253,837.0,6.026544086021505,88.04467914253148,0.7673,2.0181,2.9013,3.9144,2549.99
Sensor254,813.0,0.032865682656826566,0.0114799993427274,0.01,0.025,0.0316,0.0385,0.0997
Sensor255,837.0,0.013338590203106333,0.008783800303448436,0.0017,0.0043,0.0143,0.0201,0.0787
Sensor256,837.0,0.35927025089605735,0.11763065183146708,0.1269,0.2663,0.3405,0.4369,0.9255
Sensor257,834.0,0.0,0.0,0.0,0.0,0.0,0.0,0.0
Sensor258,834.0,0.0,0.0,0.0,0.0,0.0,0.0,0.0
Sensor259,834.0,0.0,0.0,0.0,0.0,0.0,0.0,0.0
Sensor260,834.0,0.0,0.0,0.0,0.0,0.0,0.0,0.0
Sensor261,834.0,0.0,0.0,0.0,0.0,0.0,0.0,0.0
Sensor262,834.0,0.0,0.0,0.0,0.0,0.0,0.0,0.0
Sensor263,834.0,0.0,0.0,0.0,0.0,0.0,0.0,0.0
Sensor264,834.0,0.0,0.0,0.0,0.0,0.0,0.0,0.0
Sensor265,834.0,0.0,0.0,0.0,0.0,0.0,0.0,0.0
Sensor266,834.0,0.0,0.0,0.0,0.0,0.0,0.0,0.0
Sensor267,834.0,0.0,0.0,0.0,0.0,0.0,0.0,0.0
Sensor268,834.0,0.08076306954436452,0.030604973399908118,0.0201,0.0583,0.0852,0.1041,0.1578
Sensor269,834.0,18.367022781774583,5.79866550762745,7.677,14.092,17.679,21.988,34.924
Sensor270,834.0,3.8466173860911272,1.2645837207619781,1.3017,2.9875,3.7313,4.3562,10.1529
Sensor271,837.0,29.218882795698924,8.081045108279508,15.5471,26.0095,28.6507,31.0114,158.526
Sensor272,836.0,45.54778038277512,17.226159039322198,14.7446,30.185,46.201350000000005,58.325575,132.648
Sensor273,834.0,40.587545803357315,17.935932008651125,7.263,26.462049999999998,37.896550000000005,53.96925,122.117
Sensor274,824.0,19.934916383495146,3.8547014516146354,8.6512,18.3632,19.5297,21.975925,43.5737
Sensor275,824.0,160.35413422330097,98.67946693942581,0.0,99.009325,133.364,191.01425,659.17
Sensor276,824.0,16.295465291262133,231.74226807029663,0.0158,0.04455,0.0772,0.1516,3332.6
Sensor277,824.0,0.0,0.0,0.0,0.0,0.0,0.0,0.0
Sensor278,824.0,2.3062564320388352,1.5293507190564186,0.6033,1.7397,2.1266,2.606775,32.1709
Sensor279,829.0,0.0010827503015681543,0.0003644255112857429,0.0,0.0008,0.001,0.0013,0.0034
Sensor280,835.0,0.045187784431137724,0.022728795040262283,0.0146,0.0312,0.0399,0.0511,0.1884
Sensor281,835.0,0.018122514970059882,0.004741957310538284,0.0075,0.0152,0.0177,0.021,0.0466
Sensor282,835.0,0.014279401197604792,0.004331060882742535,0.0069,0.0115,0.0136,0.016,0.0471
Sensor283,835.0,0.004889820359281437,0.0020994927653524447,0.0016,0.0032,0.0047,0.0062,0.0205
Sensor284,835.0,2.71606502994012,0.7371386998092312,0.858,2.24285,2.7524,3.23245,4.747
Sensor285,834.0,0.0,0.0,0.0,0.0,0.0,0.0,0.0
Sensor286,834.0,2.1112989208633093,0.9307362237810118,0.5459,1.460175,1.87585,2.604775,6.7462
Sensor287,834.0,4.363387410071942,10.683816433611364,1.0162,2.4021,3.3033,4.23645,207.016
Sensor288,834.0,0.151084412470024,0.08914349276169986,0.0513,0.11265,0.13085,0.16115000000000002,1.7851
Sensor289,834.0,0.003427458033573141,0.0014541249069235367,0.0012,0.0022,0.0033,0.0043,0.0186
Sensor290,834.0,2.6094034772182253,0.7326925050214893,0.8136,2.1186,2.63285,3.120025,4.6346
Sensor291,837.0,0.11985507765830347,0.29823732435739225,0.0416,0.0599,0.0724,0.0909,4.4203
Sensor292,837.0,0.01951636798088411,0.018247071789685078,0.0044,0.0123,0.0173,0.0241,0.462
Sensor293,66.0,0.012407575757575756,0.007611859382792305,0.0041,0.008324999999999999,0.00995,0.0135,0.0477
Sensor294,66.0,319.13742424242423,135.97302988053983,90.523,217.343,288.4905,396.14475,770.148
Sensor295,836.0,353.7998200956938,248.8065732005452,12.842,198.42225,304.53549999999996,433.56275,2527.0
Sensor296,836.0,195.7847730861244,181.25160380173008,13.6229,111.11975,168.56099999999998,232.25875,2004.88
Sensor297,836.0,1824.366226555024,1985.9243939937026,28.3666,581.635,1103.8600000000001,2225.4825,15560.0
Sensor298,836.0,3069.0500937799043,3528.7202127259206,0.0,513.2175,1414.1550000000002,4819.49,18520.5
Sensor299,836.0,0.05841148325358852,0.02655696283769274,0.0026,0.0412,0.0561,0.0725,0.4245
Sensor300,836.0,0.04499952153110048,0.03369469795723767,0.0025,0.02935,0.0426,0.05625,0.8275
Sensor301,836.0,0.09572595693779906,0.045182632542983936,0.0062,0.063275,0.0899,0.123275,0.4995
Sensor302,836.0,0.9478211722488039,0.36292435505394066,0.3122,0.7303000000000001,0.87045,1.0816999999999999,5.711
Sensor303,836.0,0.44161543062200953,0.2248195788428397,0.1167,0.3352,0.4231,0.5105999999999999,5.1549
Sensor304,836.0,0.042829186602870814,0.014451107238389627,0.0108,0.0338,0.0414,0.0504,0.2258
Sensor305,836.0,0.15870442583732056,0.05788797765025489,0.019,0.12555,0.1612,0.194725,0.3337
Sensor306,837.0,0.25219713261648746,0.05597389186679488,0.1171,0.2145,0.2527,0.2898,0.475
Sensor307,837.0,0.05218422939068101,0.028668665100521885,0.0034,0.0352,0.0476,0.0602,0.2246
Sensor308,837.0,0.12669056152927122,0.027933256821323756,0.0605,0.1106,0.1269,0.147,0.2014
Sensor309,837.0,0.21991983273596177,0.03564527540675853,0.0913,0.1985,0.2218,0.2404,0.3239
Sensor310,837.0,0.12669056152927122,0.027935531460592317,0.0605,0.1106,0.1269,0.147,0.2013
Sensor311,837.0,0.3116645161290323,0.04455147224930038,0.2047,0.2843,0.31,0.3379,0.4313
Sensor312,837.0,0.09537467144563919,0.02686462302242744,0.034,0.0752,0.0962,0.1146,0.1784
Sensor313,837.0,0.14490023894862605,0.09731111565287856,0.0224,0.0935,0.1259,0.1588,0.7549
Sensor314,823.0,0.0,0.0,0.0,0.0,0.0,0.0,0.0
Sensor315,823.0,0.0,0.0,0.0,0.0,0.0,0.0,0.0
Sensor316,837.0,0.0,0.0,0.0,0.0,0.0,0.0,0.0
Sensor317,837.0,6.206968697729987,1.050904809002028,2.7882,5.4564,5.966,6.9159,9.8724
Sensor318,837.0,0.17286200716845876,0.07168607610248479,0.0283,0.1212,0.1619,0.2169,1.0034
Sensor319,837.0,3.3333885304659496,1.3817365861064252,0.9848,2.2403,3.565,4.2915,15.8934
Sensor320,837.0,7.479695937873357,1.992679805039962,3.5453,5.9213,7.889,9.0051,20.0455
Sensor321,837.0,0.04474587813620072,0.036543677384654985,0.0084,0.031,0.0408,0.0525,0.9474
Sensor322,837.0,2.2571444444444446,2.7808699903687217,0.6802,1.6893,2.0584,2.558,79.1515
Sensor323,837.0,0.0,0.0,0.0,0.0,0.0,0.0,0.0
Sensor324,837.0,5.318048028673835,3.155796913619611,2.0277,4.2274,5.3206,6.1302,89.1917
Sensor325,837.0,13.505093428912783,6.398398032011238,2.4455,8.007,12.7249,18.122,36.8306
Sensor326,837.0,0.0,0.0,0.0,0.0,0.0,0.0,0.0
Sensor327,836.0,0.0,0.0,0.0,0.0,0.0,0.0,0.0
Sensor328,836.0,0.0,0.0,0.0,0.0,0.0,0.0,0.0
Sensor329,836.0,0.0,0.0,0.0,0.0,0.0,0.0,0.0
Sensor330,836.0,0.0,0.0,0.0,0.0,0.0,0.0,0.0
Sensor331,836.0,0.0,0.0,0.0,0.0,0.0,0.0,0.0
Sensor332,836.0,0.08024222488038278,0.05743959575965001,0.0263,0.061950000000000005,0.085,0.1003,1.0959
Sensor333,832.0,2.5874638221153847,2.3164323839706342,0.5373,1.6607,2.2809,3.03605,55.3862
Sensor334,832.0,6.197818028846154,1.5240470404260784,2.8372,5.54195,6.0600000000000005,6.6542,27.829
Sensor335,832.0,0.1657185096153846,0.12763214861841424,0.0282,0.0886,0.13425,0.21052500000000002,2.3329
Sensor336,832.0,3.4299174278846154,2.9246458329150076,0.8914,1.9421,2.42715,4.1511,56.051
Sensor337,832.0,9.558844711538462,4.128470416740005,6.3117,8.29125,8.95,10.0003,89.4684
Sensor338,832.0,2.512210576923077,1.742948131225685,0.0,1.6371499999999999,2.27005,3.0257,38.8995
Sensor339,832.0,3.390096274038461,7.007132635306878,0.0,2.12885,2.8945,3.76635,196.688
Sensor340,832.0,9.269971995192309,6.8988301288906495,4.051,7.5825249999999995,9.403649999999999,10.3426,197.499
Sensor341,832.0,3.6699792067307695,104.50771293865914,0.0131,0.0316,0.04145,0.0549,3014.51
Sensor342,832.0,2.397003605769231,1.768190532831835,0.5741,1.76885,2.21995,2.7348749999999997,31.8827
Sensor343,832.0,0.0005375,0.015503870484495155,0.0,0.0,0.0,0.0,0.4472
Sensor344,832.0,6.026393509615384,2.696137224224152,2.3352,4.95735,5.96765,6.910875,67.7008
Sensor345,832.0,21.67048918269231,8.887252794526432,3.1446,16.417825,21.48395,26.759975,59.3241
Sensor346,307.0,5.857780130293159,5.517930515547276,1.7694,4.4511,5.4541,6.6022,98.0726
Sensor347,307.0,3.434384039087948,7.23700401870626,1.3803,2.3766,2.8213,3.344,128.357
Sensor348,832.0,0.016724399038461537,0.4824054262759496,0.0,0.0,0.0,0.0,13.9147
Sensor349,813.0,0.02290246002460025,0.011285337226036187,0.0112,0.0182,0.0215,0.0252,0.22
Sensor350,813.0,0.02469458794587946,0.009310959178375856,0.001,0.0194,0.024,0.0282,0.1339
Sensor351,813.0,0.02184452644526445,0.011455923680255305,0.0029,0.0144,0.0184,0.026,0.0952
Sensor352,813.0,0.022765067650676506,0.012598235074670153,0.0022,0.0129,0.0219,0.0294,0.1415
Sensor353,813.0,0.022257441574415743,0.008959600588613382,0.0064,0.016,0.0214,0.0267,0.0942
Sensor354,813.0,0.04097429274292743,0.01591071968468552,0.0026,0.0312,0.0432,0.0509,0.1535
Sensor355,813.0,0.04176445264452644,0.013891394485100243,0.004,0.0345,0.0445,0.0501,0.1344
Sensor356,813.0,0.03419643296432964,0.022526606590917465,0.0038,0.0212,0.0292,0.0396,0.2541
Sensor357,836.0,1.2719343301435408,0.3808112663204133,0.3796,1.009625,1.23305,1.499075,2.6898
Sensor358,835.0,0.001007305389221557,0.0005206818960185048,0.0003,0.0007,0.0009,0.0011,0.0052
Sensor359,226.0,0.002442920353982301,0.00039470761367749836,0.0017,0.0022,0.0024,0.0027,0.0047
Sensor360,837.0,0.0196636798088411,0.007297652820054128,0.0076,0.0136,0.0193,0.0246,0.0888
Sensor361,837.0,0.0019281959378733573,0.01267472877392897,0.0001,0.0004,0.0007,0.0015,0.3008
Sensor362,837.0,41.07812054958184,11.470382953040833,15.1868,33.7603,40.3976,48.7259,84.2726
Sensor363,786.0,0.018757251908396947,0.01808430306665217,0.0028,0.0095,0.013,0.019575,0.1863
Sensor364,786.0,324.5483536895674,136.10455794441137,60.9882,222.87125,302.216,399.22200000000004,1072.2
Sensor365,832.0,0.0,0.0,0.0,0.0,0.0,0.0,0.0
Sensor366,835.0,0.004816047904191617,0.002190743814993039,0.002,0.0036,0.0043,0.0054,0.0272
Sensor367,835.0,0.004500359281437126,0.002151450877421169,0.002,0.0035,0.0041,0.0049,0.0392
Sensor368,832.0,0.0035062500000000003,0.0023637524217717913,0.0,0.0025,0.0031,0.004,0.0357
Sensor369,832.0,0.00295625,0.001996262301626544,0.0,0.0022,0.0027,0.0034,0.0334
Sensor370,832.0,0.0,0.0,0.0,0.0,0.0,0.0,0.0
Sensor371,832.0,0.0,0.0,0.0,0.0,0.0,0.0,0.0
Sensor372,832.0,0.0,0.0,0.0,0.0,0.0,0.0,0.0
Sensor373,832.0,0.0,0.0,0.0,0.0,0.0,0.0,0.0
Sensor374,832.0,0.0,0.0,0.0,0.0,0.0,0.0,0.0
Sensor375,832.0,0.0,0.0,0.0,0.0,0.0,0.0,0.0
Sensor376,832.0,0.0,0.0,0.0,0.0,0.0,0.0,0.0
Sensor377,835.0,0.00157125748502994,0.0005480838429015969,0.0004,0.0012,0.0015,0.0018,0.0082
Sensor378,835.0,0.0015974850299401197,0.00046763951170225663,0.0006,0.0013,0.0016,0.0019,0.0041
Sensor379,832.0,0.0,0.0,0.0,0.0,0.0,0.0,0.0
Sensor380,832.0,0.0,0.0,0.0,0.0,0.0,0.0,0.0
Sensor381,832.0,0.0,0.0,0.0,0.0,0.0,0.0,0.0
Sensor382,832.0,0.0,0.0,0.0,0.0,0.0,0.0,0.0
Sensor383,549.0,0.0018256830601092891,0.026739962571043843,0.0001,0.0004,0.0005,0.0008,0.6271
Sensor384,549.0,0.5410398907103825,1.3410197897865854,0.0875,0.2955,0.3726,0.5412,30.9982
Sensor385,549.0,1.2854482695810565,3.168427387352426,0.3383,0.8423,1.1063,1.3866,74.8445
Sensor386,280.0,0.009125,0.015653536593540282,0.0,0.005,0.006,0.008425,0.2073
Sensor387,837.0,0.00795173237753883,0.01772117748809757,0.0008,0.0043,0.0065,0.0088,0.3
Sensor388,837.0,0.00022281959378733573,0.0037955580538180027,0.0,0.0,0.0,0.0,0.0999
Sensor389,837.0,35.14942807646356,19.629016341583352,6.3101,24.2605,32.2952,42.6346,348.829
Sensor390,837.0,0.0011334528076463561,0.007761260019030252,0.0001,0.0003,0.0003,0.0005,0.1864
Sensor391,837.0,1.8619722819593787,27.809233531562615,0.3046,0.6293,0.8841,1.1698,805.394
Sensor392,813.0,0.011021156211562116,0.0037248625645227066,0.0034,0.0085,0.0105,0.013,0.0334
Sensor393,837.0,0.004305973715651135,0.002826072674237847,0.0005,0.0014,0.0047,0.0066,0.0229
Sensor394,837.0,0.11891314217443251,0.03850182707769426,0.0342,0.0891,0.1118,0.1438,0.2994
Sensor395,834.0,0.0,0.0,0.0,0.0,0.0,0.0,0.0
Sensor396,834.0,0.0,0.0,0.0,0.0,0.0,0.0,0.0
Sensor397,834.0,0.0,0.0,0.0,0.0,0.0,0.0,0.0
Sensor398,834.0,0.0,0.0,0.0,0.0,0.0,0.0,0.0
Sensor399,834.0,0.0,0.0,0.0,0.0,0.0,0.0,0.0
Sensor400,834.0,0.0,0.0,0.0,0.0,0.0,0.0,0.0
Sensor401,834.0,0.0,0.0,0.0,0.0,0.0,0.0,0.0
Sensor402,834.0,0.0,0.0,0.0,0.0,0.0,0.0,0.0
Sensor403,834.0,0.0,0.0,0.0,0.0,0.0,0.0,0.0
Sensor404,834.0,0.0,0.0,0.0,0.0,0.0,0.0,0.0
Sensor405,834.0,0.0,0.0,0.0,0.0,0.0,0.0,0.0
Sensor406,834.0,0.027814028776978417,0.011005218988005683,0.0062,0.0199,0.0289,0.0361,0.0514
Sensor407,834.0,6.255435011990407,2.227162685504645,2.5575,4.779725,5.8217,7.2796,14.1621
Sensor408,834.0,1.2523172661870505,0.4073446669108417,0.4645,0.9665,1.2804,1.4148,3.3128
Sensor409,837.0,5.31961266427718,2.472446138180377,2.7378,4.3746,4.9243,5.7517,44.31
Sensor410,836.0,4.5615254784689,1.7132814643975678,1.4408,3.0347750000000002,4.59225,5.8541,9.5765
Sensor411,834.0,4.88183201438849,2.1526559708039077,0.8937,3.167875,4.5409,6.491925,13.8071
Sensor412,824.0,2.5438412621359223,0.55787320976532,0.9609,2.2872,2.5268,2.8091,6.215
Sensor413,824.0,34.40844199029126,18.723424002632147,0.0,22.2143,29.6992,42.4595,128.282
Sensor414,824.0,27.045099393203884,62.90405866881491,4.0416,10.913475,18.7812,28.754175,899.119
Sensor415,824.0,0.0,0.0,0.0,0.0,0.0,0.0,0.0
Sensor416,824.0,6.993090412621359,5.115244224896133,1.534,5.0708,6.3409,7.9220500000000005,116.862
Sensor417,829.0,3.3362243667068756,1.1464550765387576,0.0,2.6206,3.0466,3.9342,9.69
Sensor418,835.0,9.107066467065868,4.5662343777287004,2.7683,6.3362,7.9722,10.41285,39.0376
Sensor419,835.0,337.5582153293413,298.44088778292104,0.0,0.0,330.149,562.8045,992.535
Sensor420,835.0,313.20318203592814,322.1156544131582,0.0,0.0,291.795,599.8555,996.957
Sensor421,835.0,1.52828622754491,0.6643064264444292,0.4411,0.9953000000000001,1.472,1.9368500000000002,6.2775
Sensor422,835.0,4.108750179640718,1.2408676877194549,1.3759,3.2716,4.0355,4.92,8.237
Sensor423,834.0,0.0,0.0,0.0,0.0,0.0,0.0,0.0
Sensor424,834.0,78.14712446043166,33.26101529036556,23.02,55.276849999999996,70.03995,93.159425,226.893
Sensor425,834.0,3.405324460431655,7.168843930273265,0.7586,1.90225,2.6071,3.397925,103.181
Sensor426,834.0,5.175296163069545,3.104844659743498,1.4666,3.6233250000000004,4.49695,5.591775,52.068
Sensor427,834.0,1.0726563549160673,0.4661573032465874,0.3632,0.6768,1.03935,1.34055,6.0108
Sensor428,834.0,4.123903357314148,1.2802850741648015,1.4013,3.240125,4.04,4.9468499999999995,8.5767
Sensor429,837.0,4.447113859020311,13.023442099716346,1.1198,1.7835,2.1596,2.8118,117.684
Sensor430,837.0,4.010677538829152,4.028799539535077,0.7837,2.4924,3.4446,4.8337,99.0049
Sensor431,836.0,14.876300837320576,16.724760933892824,0.5736,7.962075,12.478850000000001,17.86305,400.0
Sensor432,836.0,16.47521710526316,17.52321726252856,1.2391,9.463075,14.3477,19.760350000000003,400.0
Sensor433,836.0,98.2094519138756,132.52638629463976,0.0,31.007025,56.26215,110.26425,994.286
Sensor434,836.0,248.6101215311005,234.05436960940622,0.0,65.93785,198.9595,347.07275,995.745
Sensor435,836.0,10.798080502392345,14.293431286002647,0.4558,7.23185,9.8228,12.682974999999999,400.0
Sensor436,836.0,5.63628038277512,14.176338543075998,0.3004,3.3273,4.75115,6.361275,400.0
Sensor437,836.0,3.513857535885168,13.812706762231805,0.1787,1.9428,2.8022,3.87445,400.0
Sensor438,836.0,4.04001590909091,1.605363471115904,1.1568,3.015575,3.71605,4.694850000000001,26.3966
Sensor439,836.0,62.011404904306225,37.69806322365348,0.0,44.375499999999995,56.79475,72.838825,851.613
Sensor440,836.0,78.5477129186603,42.125344803193634,20.0207,57.834725,73.40885,91.148925,657.762
Sensor441,836.0,14.15731590909091,5.476502193133798,1.1569,10.940125,14.3192,17.6037,33.058
Sensor442,837.0,0.759121027479092,0.17155891322120687,0.3512,0.6259,0.7642,0.8859,1.2672
Sensor443,837.0,1.4514918757467143,0.7344990191745442,0.0974,0.9664,1.367,1.711,5.1317
Sensor444,837.0,0.6193373954599761,0.14417230860607852,0.2771,0.5299,0.6257,0.7163,1.019
Sensor445,837.0,0.9070727598566309,0.16461612551210802,0.3336,0.8115,0.9174,1.0114,1.3511
Sensor446,837.0,0.633289844683393,0.14472722446730382,0.3086,0.542,0.6381,0.7329,1.0194
Sensor447,837.0,1.190663082437276,0.18331464377812692,0.7589,1.0468,1.1741,1.2981,1.7236
Sensor448,837.0,0.2767393070489845,0.08044998354648242,0.0846,0.2238,0.2729,0.3365,0.5024
Sensor449,837.0,0.3032358422939068,0.19723178748895911,0.0399,0.1964,0.2626,0.3449,1.4754
Sensor450,823.0,0.0,0.0,0.0,0.0,0.0,0.0,0.0
Sensor451,823.0,0.0,0.0,0.0,0.0,0.0,0.0,0.0
Sensor452,837.0,0.0,0.0,0.0,0.0,0.0,0.0,0.0
Sensor453,837.0,5.562578972520908,0.8702206210187802,2.6709,4.9556,5.5064,6.1153,9.6853
Sensor454,837.0,5.47168100358423,2.233883173138115,0.9037,3.8923,5.2371,6.8329,34.4902
Sensor455,837.0,7.980982198327359,3.434946600349777,2.3294,5.2847,8.1107,10.1908,42.0703
Sensor456,837.0,3.436853524492234,0.8152310591697615,1.8123,2.8142,3.4832,4.0679,10.184
Sensor457,837.0,12.657936559139785,9.396397027291853,3.0489,8.729,11.6591,14.6531,232.126
Sensor458,837.0,5.214272879330944,5.871062133306984,1.4428,3.8241,4.7261,5.8196,164.109
Sensor459,837.0,0.0,0.0,0.0,0.0,0.0,0.0,0.0
Sensor460,837.0,2.7911363201911588,1.681035281152156,1.0793,2.2884,2.7378,3.1755,47.7772
Sensor461,837.0,28.91718661887694,13.196705037091379,7.9534,19.935,25.9464,35.1425,133.911
Sensor462,837.0,0.0,0.0,0.0,0.0,0.0,0.0,0.0
Sensor463,836.0,0.0,0.0,0.0,0.0,0.0,0.0,0.0
Sensor464,836.0,0.0,0.0,0.0,0.0,0.0,0.0,0.0
Sensor465,836.0,0.0,0.0,0.0,0.0,0.0,0.0,0.0
Sensor466,836.0,0.0,0.0,0.0,0.0,0.0,0.0,0.0
Sensor467,836.0,0.0,0.0,0.0,0.0,0.0,0.0,0.0
Sensor468,836.0,5.788586244019138,5.911240927439998,1.7635,3.9961,5.5812,6.5411,109.007
Sensor469,832.0,268.7649939903846,236.589582821494,0.0,92.47467499999999,215.27949999999998,413.71750000000003,999.877
Sensor470,832.0,5.676064903846155,1.5004677547200085,2.6009,4.9681,5.57025,6.1251,29.847
Sensor471,832.0,5.390781610576923,4.308842162482828,0.8325,2.8263000000000003,4.321,6.965025,80.6768
Sensor472,832.0,9.9076953125,9.638536433259608,2.5414,5.514749999999999,7.0442,11.338375,212.656
Sensor473,832.0,142.1811673076923,43.31411171288835,38.3715,112.3665,143.4995,169.0745,492.772
Sensor474,832.0,42.895645552884616,25.63181969106961,0.0,26.633074999999998,38.276700000000005,51.5072,358.95
Sensor475,832.0,42.35794759615384,26.140147310721638,0.0,26.336975,38.066100000000006,50.94415,415.435
Sensor476,832.0,4.178305408653847,2.8041794352424914,1.8895,3.4734,4.18825,4.646199999999999,79.1162
Sensor477,832.0,16.40063653846154,8.230873949843119,0.0,10.827925,14.40505,19.7804,79.0222
Sensor478,832.0,5.311408413461539,4.172590307033547,1.6872,3.867075,4.8241499999999995,6.09985,76.9317
Sensor479,832.0,0.2403846153846154,6.933752452815362,0.0,0.0,0.0,0.0,200.0
Sensor480,832.0,3.1817533653846155,1.786774512769657,1.2233,2.5988,3.13015,3.570325,47.9577
Sensor481,832.0,62.66901478365384,26.806141895775898,10.2807,46.813825,62.0954,77.8198,187.12
Sensor482,832.0,0.0,0.0,0.0,0.0,0.0,0.0,0.0
Sensor483,813.0,319.6211980319803,286.8721267703182,0.0,0.0,298.048,525.922,999.414
Sensor484,813.0,238.63903087330874,217.6979856126222,0.0,89.3345,178.827,329.945,986.425
Sensor485,813.0,176.63315350553506,168.82010049845144,0.0,79.4719,122.251,213.058,965.414
Sensor486,813.0,221.12649446494464,251.72740592566956,0.0,30.5616,99.8138,360.606,994.0
Sensor487,813.0,294.9902862238622,298.3923125233096,0.0,0.0,240.708,513.14,999.491
Sensor488,813.0,296.3050869618696,292.5912619071757,0.0,0.0,237.602,513.734,995.745
Sensor489,813.0,343.95338905289054,270.8409545155944,0.0,76.6681,342.218,514.719,997.519
Sensor490,813.0,275.1808669126691,244.03339603730115,0.0,98.4615,213.715,398.502,994.003
Sensor491,836.0,49.48659581339713,17.283265753969005,13.7225,37.360875,46.667199999999994,59.4885,120.572
Sensor492,835.0,2.4629986826347308,1.2577045978598784,0.5558,1.6709,2.314,2.9326,12.7698
Sensor493,226.0,8.170942920353982,1.7592622036065417,4.8882,6.92465,8.00895,9.078899999999999,21.0443
Sensor494,837.0,2.474549223416965,0.9713025287637057,0.833,1.6052,2.4957,3.0844,9.4024
Sensor495,837.0,0.6301714456391877,4.457334628319132,0.0342,0.1368,0.2117,0.4687,106.473
Sensor496,837.0,6.986742891278375,2.1343468302239086,2.2406,5.424,6.7701,8.2443,16.0252
Sensor497,786.0,30.973906743002548,25.42265823974345,4.8135,16.347224999999998,22.421300000000002,34.4435,175.857
Sensor498,786.0,11.518168066157761,4.9236618669012655,1.9496,7.842549999999999,10.68045,14.12385,40.2818
Sensor499,832.0,0.0,0.0,0.0,0.0,0.0,0.0,0.0
Sensor500,835.0,260.4034501796407,329.34826144484117,0.0,0.0,0.0,543.2945,1000.0
Sensor501,835.0,238.47994814371256,322.83534123909925,0.0,0.0,0.0,505.742,998.985
Sensor502,832.0,0.0,0.0,0.0,0.0,0.0,0.0,0.0
Sensor503,832.0,0.0,0.0,0.0,0.0,0.0,0.0,0.0
Sensor504,832.0,0.0,0.0,0.0,0.0,0.0,0.0,0.0
Sensor505,832.0,0.0,0.0,0.0,0.0,0.0,0.0,0.0
Sensor506,832.0,0.0,0.0,0.0,0.0,0.0,0.0,0.0
Sensor507,832.0,0.0,0.0,0.0,0.0,0.0,0.0,0.0
Sensor508,832.0,0.0,0.0,0.0,0.0,0.0,0.0,0.0
Sensor509,832.0,0.0,0.0,0.0,0.0,0.0,0.0,0.0
Sensor510,832.0,0.0,0.0,0.0,0.0,0.0,0.0,0.0
Sensor511,835.0,44.70274970059881,22.399412925946503,12.6512,31.7087,40.7932,52.341049999999996,244.275
Sensor512,835.0,252.97643952095808,328.84069062253263,0.0,0.0,0.0,525.818,1000.0
Sensor513,832.0,0.0,0.0,0.0,0.0,0.0,0.0,0.0
Sensor514,832.0,0.0,0.0,0.0,0.0,0.0,0.0,0.0
Sensor515,832.0,0.0,0.0,0.0,0.0,0.0,0.0,0.0
Sensor516,832.0,0.0,0.0,0.0,0.0,0.0,0.0,0.0
Sensor517,549.0,0.6788970856102002,10.78386289742699,0.0287,0.1215,0.1747,0.2649,252.86
Sensor518,549.0,1.7389025500910746,4.890671760072895,0.288,0.8903,1.1543,1.7597,113.276
Sensor519,549.0,1.8062737704918033,4.715915521855142,0.4674,1.1712,1.5891,1.9328,111.35
Sensor520,280.0,7.426538928571429,13.9966084915125,0.0,3.771575,4.56165,6.8473500000000005,184.349
Sensor521,837.0,2.5667457586618876,6.575415057779873,0.3121,1.3953,2.0848,2.7248,111.737
Sensor522,837.0,10.785959378733573,100.44130217903091,0.0,0.0,0.0,0.0,1000.0
Sensor523,837.0,14.69209091995221,7.98987129767946,2.6811,10.0534,13.7046,17.5647,137.984
Sensor524,837.0,0.3785637992831541,2.672707801445126,0.0258,0.0756,0.1049,0.1424,64.6052
Sensor525,837.0,6.072603464755077,28.164802953853204,1.3104,3.5341,4.9346,6.6564,818.0
Sensor526,813.0,5.498640836408365,1.9226270960007161,1.6677,4.1697,5.2999,6.4731,16.3816
Sensor527,837.0,1.3800715651135007,0.9142842359565868,0.1705,0.4421,1.4834,2.0859,8.2037
Sensor528,837.0,5.691956272401434,1.8422754925445075,2.17,4.2242,5.419,6.902,14.4479
Sensor529,834.0,0.0,0.0,0.0,0.0,0.0,0.0,0.0
Sensor530,834.0,0.0,0.0,0.0,0.0,0.0,0.0,0.0
Sensor531,834.0,0.0,0.0,0.0,0.0,0.0,0.0,0.0
Sensor532,834.0,0.0,0.0,0.0,0.0,0.0,0.0,0.0
Sensor533,834.0,0.0,0.0,0.0,0.0,0.0,0.0,0.0
Sensor534,834.0,0.0,0.0,0.0,0.0,0.0,0.0,0.0
Sensor535,834.0,0.0,0.0,0.0,0.0,0.0,0.0,0.0
Sensor536,834.0,0.0,0.0,0.0,0.0,0.0,0.0,0.0
Sensor537,834.0,0.0,0.0,0.0,0.0,0.0,0.0,0.0
Sensor538,834.0,0.0,0.0,0.0,0.0,0.0,0.0,0.0
Sensor539,834.0,0.0,0.0,0.0,0.0,0.0,0.0,0.0
Sensor540,834.0,3.4840336930455633,1.2833635181583454,0.9051,2.5971,3.7039,4.3515,6.5803
Sensor541,834.0,1.8305239808153477,0.5770104802221316,0.778,1.40595,1.76235,2.2123,3.4837
Sensor542,834.0,9.775066067146282,3.2282562543325293,3.2761,7.27165,9.4427,11.2384,25.7792
Sensor543,835.0,0.11259269461077846,0.003130235745737337,0.1053,0.1097,0.1131,0.115,0.1184
Sensor544,835.0,0.00905497005988024,0.0019156264117677609,0.0051,0.0078,0.0089,0.0102,0.024
Sensor545,835.0,0.0024307784431137724,0.00038720388858236505,0.0016,0.0021,0.0024,0.0027,0.0047
Sensor546,835.0,8.043700718562874,1.684931522336594,4.4294,6.9155,7.8131,8.964,21.0443
Sensor547,764.0,0.980571335078534,0.3307670192921692,0.4444,0.8035,0.8273,1.20065,3.231
Sensor548,764.0,402.37158115183246,4.86187497365582,382.534,399.85,400.88800000000003,406.0365,417.628
Sensor549,764.0,74.40543979057593,2.5748582839600203,71.038,73.254,73.5,74.624,83.72
Sensor550,764.0,0.518451439790576,0.49934868303183766,0.046,0.2235,0.3667,0.72375,6.3371
Sensor551,764.0,16.44455497382199,2.8503361528760083,6.21,14.53,16.21,18.28,26.59
Sensor552,764.0,1.1272513089005236,0.38276401770361357,0.16,0.87,1.13,1.33,3.92
Sensor553,764.0,0.21676609947643977,0.2050104875109666,0.0196,0.0949,0.15410000000000001,0.29852500000000004,2.4737
Sensor554,764.0,7.441421073298429,1.3111519285943851,2.786,6.7381,7.1614,8.246275,11.7189
Sensor555,764.0,0.45396256544502617,0.1603211166936289,0.068,0.3417,0.45840000000000003,0.507625,1.576
Sensor556,764.0,48.37057447643979,28.85771618187312,5.3859,27.0176,44.13405,64.626025,232.646
Sensor557,764.0,4.0863384816753925,0.7031372366122184,1.5243,3.6251,4.00495,4.536225,6.6557
Sensor558,764.0,1.5111608638743457,0.4958080865507954,0.2206,1.1829,1.5227499999999998,1.8156,5.3603
Sensor559,837.0,0.9973508960573476,0.07047774014718078,0.9092,0.9602,0.9794,1.0102,1.5079
Sensor560,837.0,0.3299787335722819,0.1944327803594305,0.0699,0.1593,0.3064,0.4201,0.98
Sensor561,837.0,0.07383727598566309,0.04787798833215061,0.0177,0.0389,0.0621,0.0929,0.3169
Sensor562,837.0,32.658005615292716,18.27440366836386,7.3755,16.0891,30.1541,42.8218,99.0375
Sensor563,822.0,263.7394695863747,7.598839485786141,245.676,261.376,264.272,266.3295,299.876
Sensor564,822.0,0.668176399026764,0.12573886499684828,0.3049,0.5671,0.6091500000000001,0.7623,1.2988
Sensor565,822.0,6.516265206812653,2.577448443738068,1.14,4.98,4.98,7.807499999999999,19.61
Sensor566,822.0,0.14606873479318733,0.08440462943186272,0.0264,0.0877,0.1044,0.19035000000000002,0.6892
Sensor567,822.0,2.6388434306569337,0.9824225044980004,0.4701,2.0902,2.0902,3.0774,7.856
Sensor568,822.0,0.06063394160583941,0.03380355845147031,0.0107,0.0382,0.04355,0.076475,0.2736
Sensor569,822.0,2.4674109489051097,0.9587933152488957,0.44,1.8844,1.8844,2.95275,7.1179
Sensor570,822.0,21.500992214111925,10.803171500928682,3.8967,15.4662,15.4662,25.065225,83.4093
Sensor571,837.0,531.3018195937874,6.297626507763878,458.846,530.187,531.749,533.287,569.996
Sensor572,837.0,2.0444379928315413,0.29120104297618205,0.9802,1.9611,2.0805,2.2318,2.7395
Sensor573,837.0,31.933366666666664,96.75584970230025,4.84,7.47,8.72,10.25,445.8
Sensor574,837.0,0.35754109916367977,0.2832830917636511,0.0667,0.2454,0.2936,0.3689,2.1967
Sensor575,837.0,10.076672043010754,29.652321233021116,1.565,2.5652,2.9648,3.5086,149.184
Sensor576,837.0,0.10656523297491038,0.07250268612644448,0.023,0.0779,0.0898,0.11,0.5502
Sensor577,837.0,6.1022133811230574,18.599640589637005,0.8987,1.3955,1.6331,1.9267,88.1774
Sensor578,837.0,17.801067502986857,14.56863477776699,6.0256,12.2751,14.3055,17.6298,96.9601
Sensor579,335.0,0.022170447761194027,0.012485907916747441,-0.0169,0.01405,0.0207,0.027549999999999998,0.1028
Sensor580,335.0,0.0166710447761194,0.010125835388665391,0.0032,0.009850000000000001,0.0142,0.02,0.0799
Sensor581,335.0,0.005369850746268657,0.0034216051370933457,0.001,0.0032,0.0045,0.00635,0.0286
Sensor582,335.0,96.40394358208954,90.00108268558061,0.0,43.8326,69.2994,116.396,737.305
Sensor583,837.0,0.4999499402628435,0.003257903987774407,0.4778,0.4979,0.4999,0.5021,0.5095
Sensor584,837.0,0.01505268817204301,0.016511150591089714,0.006,0.0116,0.0136,0.0163,0.4714
Sensor585,837.0,0.0037676224611708485,0.0035817407372628995,0.002,0.0031,0.0035,0.004,0.1039
Sensor586,837.0,3.015718876941458,3.446470226958749,1.1975,2.3059,2.7184,3.2522,98.6628
Sensor587,837.0,0.023074193548387096,0.013394430508130436,-0.0169,0.0153,0.0218,0.0278,0.1028
Sensor588,837.0,0.015921744324970132,0.009086661727807673,0.0032,0.0098,0.0145,0.0193,0.0799
Sensor589,837.0,0.0051206690561529265,0.0030614934485574965,0.001,0.0032,0.0045,0.006,0.0286
Sensor590,837.0,91.39367968936678,89.30272994058721,0.0,41.0782,65.4842,104.303,737.305
Output,837.0,-0.9115890083632019,0.41134856204472664,-1.0,-1.0,-1.0,-1.0,1.0
